--
-- PostgreSQL database dump
--

-- Dumped from database version 9.5.3
-- Dumped by pg_dump version 9.5.3

SET statement_timeout = 0;
SET lock_timeout = 0;
SET client_encoding = 'UTF8';
SET standard_conforming_strings = on;
SET check_function_bodies = false;
SET client_min_messages = warning;
SET row_security = off;

--
-- Name: plpgsql; Type: EXTENSION; Schema: -; Owner: 
--

CREATE EXTENSION IF NOT EXISTS plpgsql WITH SCHEMA pg_catalog;


--
-- Name: EXTENSION plpgsql; Type: COMMENT; Schema: -; Owner: 
--

COMMENT ON EXTENSION plpgsql IS 'PL/pgSQL procedural language';


SET search_path = public, pg_catalog;

SET default_tablespace = '';

SET default_with_oids = false;

--
-- Name: dog; Type: TABLE; Schema: public; Owner: danedexheimer
--

CREATE TABLE dog (
    id integer NOT NULL,
    breed character varying(255),
    attention integer NOT NULL,
    energy integer NOT NULL,
    exercise integer NOT NULL,
    friendliness integer NOT NULL,
    kids integer NOT NULL,
    outdoor integer NOT NULL,
    sheds integer NOT NULL,
    size integer NOT NULL,
    space integer NOT NULL
);


ALTER TABLE dog OWNER TO danedexheimer;

--
-- Name: hibernate_sequence; Type: SEQUENCE; Schema: public; Owner: danedexheimer
--

CREATE SEQUENCE hibernate_sequence
    START WITH 1
    INCREMENT BY 1
    NO MINVALUE
    NO MAXVALUE
    CACHE 1;


ALTER TABLE hibernate_sequence OWNER TO danedexheimer;

--
-- Name: traits_score; Type: TABLE; Schema: public; Owner: danedexheimer
--

CREATE TABLE traits_score (
    id integer NOT NULL,
    answer integer NOT NULL,
    question integer NOT NULL,
    score integer NOT NULL,
    trait_value integer NOT NULL
);


ALTER TABLE traits_score OWNER TO danedexheimer;

--
-- Name: traitsscore; Type: TABLE; Schema: public; Owner: danedexheimer
--

CREATE TABLE traitsscore (
    id integer NOT NULL,
    answer integer NOT NULL,
    question character varying(20) NOT NULL,
    score integer NOT NULL,
    trait_value integer NOT NULL
);


ALTER TABLE traitsscore OWNER TO danedexheimer;

--
-- Data for Name: dog; Type: TABLE DATA; Schema: public; Owner: danedexheimer
--

COPY dog (id, breed, attention, energy, exercise, friendliness, kids, outdoor, sheds, size, space) FROM stdin;
3	Boxer	5	5	4	5	4	5	4	3	5
4	Golden Retriever	5	5	5	5	5	4	5	3	4
5	Vizsla	5	5	4	4	4	4	2	3	4
6	Chihuahua	3	3	1	3	1	1	1	1	1
7	Pomeranian	4	2	2	3	2	2	5	1	2
8	Miniature Pinscher	3	3	3	3	2	2	2	1	1
9	Shih Tzu	2	2	2	4	4	1	4	1	1
10	Pug	5	3	3	3	3	2	1	1	1
12	Dachshund	3	3	3	3	4	2	3	2	2
13	Beagle	5	5	5	5	4	4	3	2	2
14	French Bulldog	4	2	2	4	4	1	3	2	1
15	Jack Russell Terrier	3	5	5	3	3	3	3	2	2
16	Great Dane	4	5	5	5	5	5	5	5	5
18	Bernese Mountain Dog	3	3	3	4	4	5	5	5	5
20	Great Pyrenees	3	3	4	3	3	5	5	5	5
21	Akita	3	4	4	2	1	4	4	4	4
23	Rottweiler	4	4	4	4	4	4	4	4	4
24	Rhodesian Ridgeback	3	4	4	4	4	2	1	4	3
25	Doberman Pinscher	3	3	3	3	3	3	3	4	3
1	Border Collie	4	4	4	3	3	4	3	3	5
17	Bullmastiff	3	2	3	4	5	3	1	5	5
2	American Staffordshire Terrier	5	3	3	3	5	3	2	3	3
19	Newfoundland Dog	4	3	3	5	5	5	5	5	5
22	German Shepherd Dog	4	5	5	5	5	4	5	4	4
11	Scottish Terrier Scottie	3	4	4	5	4	3	2	2	2
\.


--
-- Name: hibernate_sequence; Type: SEQUENCE SET; Schema: public; Owner: danedexheimer
--

SELECT pg_catalog.setval('hibernate_sequence', 1, false);


--
-- Data for Name: traits_score; Type: TABLE DATA; Schema: public; Owner: danedexheimer
--

COPY traits_score (id, answer, question, score, trait_value) FROM stdin;
1	1	1	5	1
3	1	1	1	3
4	1	1	0	4
7	2	1	5	2
10	2	1	0	5
13	3	1	5	3
16	4	1	0	1
19	4	1	5	4
21	5	1	0	1
22	5	1	0	2
23	5	1	1	3
25	5	1	5	5
2	1	1	2	2
27	1	2	5	2
28	1	2	2	3
29	1	2	1	4
30	1	2	0	5
31	2	2	2	1
26	1	2	2	1
6	2	1	2	1
8	2	1	2	3
9	2	1	1	4
5	1	1	1	5
11	3	1	1	1
12	3	1	2	2
14	3	1	2	4
15	3	1	1	5
17	4	1	1	2
18	4	1	2	3
20	4	1	2	5
24	5	1	2	4
32	2	2	5	2
33	2	2	2	3
34	2	2	1	4
35	2	2	0	5
36	3	2	1	1
37	3	2	2	2
38	3	2	5	3
39	3	2	2	4
40	3	2	1	5
41	4	2	0	1
42	4	2	1	2
43	4	2	2	3
44	4	2	5	4
45	4	2	1	5
46	5	2	0	1
47	5	2	0	2
48	5	2	1	3
49	5	2	2	4
50	5	2	5	5
\.


--
-- Data for Name: traitsscore; Type: TABLE DATA; Schema: public; Owner: danedexheimer
--

COPY traitsscore (id, answer, question, score, trait_value) FROM stdin;
30	1	energy	0	5
31	2	energy	2	1
32	2	energy	5	2
33	2	energy	2	3
34	2	energy	1	4
35	2	energy	0	5
36	3	energy	1	1
37	3	energy	2	2
38	3	energy	5	3
39	3	energy	2	4
40	3	energy	1	5
41	4	energy	0	1
42	4	energy	1	2
43	4	energy	2	3
44	4	energy	5	4
46	5	energy	0	1
47	5	energy	0	2
48	5	energy	1	3
49	5	energy	2	4
50	5	energy	5	5
26	1	energy	5	1
27	1	energy	2	2
28	1	energy	1	3
51	1	exercise	5	1
52	1	exercise	2	2
53	1	exercise	1	3
54	1	exercise	0	4
55	1	exercise	0	5
56	2	exercise	2	1
57	2	exercise	5	2
58	2	exercise	2	3
59	2	exercise	1	4
60	2	exercise	0	5
61	3	exercise	1	1
62	3	exercise	2	2
63	3	exercise	5	3
64	3	exercise	2	4
65	3	exercise	1	5
66	4	exercise	0	1
67	4	exercise	1	2
68	4	exercise	2	3
69	4	exercise	5	4
70	4	exercise	2	5
99	5	size	2	4
100	5	size	7	5
80	1	size	-100	5
79	1	size	-100	4
82	2	size	7	2
85	2	size	-100	5
87	3	size	2	2
90	3	size	-100	5
91	4	size	-100	1
89	3	size	2	4
93	4	size	2	3
98	5	size	-100	3
83	2	size	2	3
96	5	size	-100	1
84	2	size	-100	4
97	5	size	-100	2
78	1	size	-100	3
77	1	size	2	2
81	2	size	2	1
86	3	size	-100	1
92	4	size	-100	2
95	4	size	2	5
102	1	space	2	2
103	1	space	1	3
104	1	space	0	4
105	1	space	0	5
106	2	space	2	1
107	2	space	5	2
108	2	space	2	3
109	2	space	1	4
110	2	space	0	5
111	3	space	1	1
112	3	space	2	2
113	3	space	5	3
114	3	space	2	4
115	3	space	1	5
116	4	space	0	1
117	4	space	1	2
118	4	space	2	3
119	4	space	5	4
120	4	space	2	5
121	5	space	0	1
122	5	space	0	2
133	2	outdoor	2	3
134	2	outdoor	1	4
126	1	outdoor	5	1
127	1	outdoor	2	2
128	1	outdoor	1	3
129	1	outdoor	0	4
130	1	outdoor	0	5
131	2	outdoor	2	1
132	2	outdoor	5	2
135	2	outdoor	0	5
136	3	outdoor	1	1
137	3	outdoor	2	2
138	3	outdoor	5	3
139	3	outdoor	2	4
140	3	outdoor	1	5
141	4	outdoor	0	1
142	4	outdoor	1	2
143	4	outdoor	2	3
144	4	outdoor	5	4
145	4	outdoor	2	5
146	5	outdoor	0	1
147	5	outdoor	0	2
148	5	outdoor	1	3
151	1	kids	5	1
152	1	kids	2	2
153	1	kids	1	3
154	1	kids	0	4
155	1	kids	0	5
156	2	kids	2	1
157	2	kids	5	2
158	2	kids	2	3
159	2	kids	1	4
160	2	kids	0	5
1	1	attention	5	1
3	1	attention	1	3
4	1	attention	0	4
7	2	attention	5	2
10	2	attention	0	5
13	3	attention	5	3
16	4	attention	0	1
19	4	attention	5	4
21	5	attention	0	1
22	5	attention	0	2
23	5	attention	1	3
25	5	attention	5	5
2	1	attention	2	2
6	2	attention	2	1
8	2	attention	2	3
9	2	attention	1	4
5	1	attention	1	5
11	3	attention	1	1
12	3	attention	2	2
14	3	attention	2	4
15	3	attention	1	5
17	4	attention	1	2
18	4	attention	2	3
20	4	attention	2	5
24	5	attention	2	4
29	1	energy	0	4
45	4	energy	2	5
71	5	exercise	0	1
72	5	exercise	0	2
73	5	exercise	1	3
74	5	exercise	2	4
75	5	exercise	5	5
76	1	size	7	1
88	3	size	7	3
94	4	size	7	4
123	5	space	1	3
124	5	space	2	4
125	5	space	5	5
101	1	space	5	1
149	5	outdoor	2	4
150	5	outdoor	5	5
161	3	kids	1	1
162	3	kids	2	2
163	3	kids	5	3
164	3	kids	2	4
165	3	kids	1	5
166	4	kids	0	1
167	4	kids	1	2
168	4	kids	2	3
169	4	kids	5	4
170	4	kids	2	5
171	5	kids	0	1
172	5	kids	0	2
173	5	kids	1	3
174	5	kids	2	4
175	5	kids	5	5
176	1	sheds	5	1
177	1	sheds	2	2
178	1	sheds	1	3
179	1	sheds	0	4
180	1	sheds	0	5
184	2	sheds	1	4
185	2	sheds	0	5
186	3	sheds	1	1
187	3	sheds	2	2
188	3	sheds	5	3
189	3	sheds	2	4
190	3	sheds	1	5
191	4	sheds	0	1
192	4	sheds	1	2
193	4	sheds	2	3
194	4	sheds	5	4
195	4	sheds	2	5
196	5	sheds	0	1
197	5	sheds	0	2
198	5	sheds	1	3
199	5	sheds	2	4
200	5	sheds	5	5
201	1	friendliness	5	1
202	1	friendliness	2	2
203	1	friendliness	1	3
204	1	friendliness	0	4
205	1	friendliness	0	5
206	2	friendliness	2	1
207	2	friendliness	5	2
208	2	friendliness	2	3
209	2	friendliness	1	4
210	2	friendliness	0	5
211	3	friendliness	1	1
212	3	friendliness	2	2
213	3	friendliness	5	3
214	3	friendliness	2	4
215	3	friendliness	1	5
216	4	friendliness	0	1
217	4	friendliness	1	2
218	4	friendliness	2	3
219	4	friendliness	5	4
220	4	friendliness	2	5
221	5	friendliness	0	1
222	5	friendliness	0	2
223	5	friendliness	1	3
224	5	friendliness	2	4
225	5	friendliness	5	5
182	2	sheds	5	2
183	2	sheds	2	3
181	2	sheds	2	1
\.


--
-- Name: dog_pkey; Type: CONSTRAINT; Schema: public; Owner: danedexheimer
--

ALTER TABLE ONLY dog
    ADD CONSTRAINT dog_pkey PRIMARY KEY (id);


--
-- Name: traits_score_pkey; Type: CONSTRAINT; Schema: public; Owner: danedexheimer
--

ALTER TABLE ONLY traits_score
    ADD CONSTRAINT traits_score_pkey PRIMARY KEY (id);


--
-- Name: traitsscore_pkey; Type: CONSTRAINT; Schema: public; Owner: danedexheimer
--

ALTER TABLE ONLY traitsscore
    ADD CONSTRAINT traitsscore_pkey PRIMARY KEY (id);


--
-- Name: public; Type: ACL; Schema: -; Owner: postgres
--

REVOKE ALL ON SCHEMA public FROM PUBLIC;
REVOKE ALL ON SCHEMA public FROM postgres;
GRANT ALL ON SCHEMA public TO postgres;
GRANT ALL ON SCHEMA public TO PUBLIC;


--
-- PostgreSQL database dump complete
--

